paper_group,paper_figure,task,condition,trace_path
mechanism_main_abs_h,h_freerun_abs_finger_spin,finger_spin,no_action,results/mechanism/freerun/seed7/traces_kick_damped/h_freerun_finger_spin_seed7_no_action.npz
mechanism_main_abs_h,h_freerun_abs_finger_spin,finger_spin,random_action,results/mechanism/freerun/seed7/traces_kick_damped/h_freerun_finger_spin_seed7_random_action.npz
mechanism_main_abs_h,h_freerun_abs_cheetah_run,cheetah_run,no_action,results/mechanism/freerun/seed7/traces_cheetah_nodamp/h_freerun_cheetah_run_seed7_no_action.npz
mechanism_main_abs_h,h_freerun_abs_cheetah_run,cheetah_run,random_action,results/mechanism/freerun/seed7/traces_cheetah_nodamp/h_freerun_cheetah_run_seed7_random_action.npz
appendix_delta_h,h_freerun_finger_spin,finger_spin,no_action,results/mechanism/freerun/seed7/traces_kick_damped/h_freerun_finger_spin_seed7_no_action.npz
appendix_delta_h,h_freerun_finger_spin,finger_spin,random_action,results/mechanism/freerun/seed7/traces_kick_damped/h_freerun_finger_spin_seed7_random_action.npz
appendix_delta_h,h_freerun_cheetah_run,cheetah_run,no_action,results/mechanism/freerun/seed7/traces_cheetah_nodamp/h_freerun_cheetah_run_seed7_no_action.npz
appendix_delta_h,h_freerun_cheetah_run,cheetah_run,random_action,results/mechanism/freerun/seed7/traces_cheetah_nodamp/h_freerun_cheetah_run_seed7_random_action.npz
phase_portrait,phase_qp_no_action_combined,finger_spin,no_action,results/mechanism/freerun/seed7/traces_kick/h_freerun_finger_spin_seed7_no_action.npz
phase_portrait,phase_qp_no_action_combined,cheetah_run,no_action,results/mechanism/freerun/seed7/traces_cheetah_nodamp/h_freerun_cheetah_run_seed7_no_action.npz
