algo,task,condition,n,id_return_mean,ood_return_mean,avg_retention,mse_id_mean,mse_ood_mean,mse_ratio
dreamerv3,finger_spin,delay_2,3,73.233333,26.200000,0.357761,,,
dreamerv3,finger_spin,fric_0.5,3,73.233333,65.033333,0.888029,,,
dreamerv3,finger_spin,fric_1.5,3,73.233333,75.400000,1.029586,,,
dreamerv3,finger_spin,mask_30,3,73.233333,45.900000,0.626764,,,
dreamerv3,finger_spin,mass_1.3,3,73.233333,59.666667,0.814747,,,
dreamerv3,finger_spin,mass_1.5,3,73.233333,58.733333,0.802003,,,
dreamerv3,reacher_easy,act_0.7,3,9.600000,8.866667,0.854462,,,
dreamerv3,reacher_easy,act_1.3,3,9.600000,9.433333,0.991542,,,
dreamerv3,reacher_easy,damp_0.5,3,9.600000,9.333333,1.043768,,,
dreamerv3,reacher_easy,damp_2.0,3,9.600000,8.100000,0.867327,,,
dreamerv3,reacher_easy,mass_0.7,3,9.600000,8.700000,0.932643,,,
dreamerv3,reacher_easy,mass_1.3,3,9.600000,11.366667,1.145578,,,
hamworld,finger_spin,delay_2,3,245.433333,70.300000,0.286635,0.068797,0.678962,9.820741
hamworld,finger_spin,fric_0.5,3,245.433333,243.133333,0.990330,0.068797,0.078668,1.182863
hamworld,finger_spin,fric_1.5,3,245.433333,253.866667,1.034500,0.068797,0.063446,0.918117
hamworld,finger_spin,mask_30,3,245.433333,92.533333,0.377289,0.068797,0.380822,5.478412
hamworld,finger_spin,mass_1.3,3,245.433333,239.833333,0.977898,0.068797,0.093555,1.418569
hamworld,finger_spin,mass_1.5,3,245.433333,206.233333,0.839985,0.068797,0.126126,1.913832
hamworld,reacher_easy,act_0.7,3,151.133333,153.500000,1.018492,0.070132,0.101058,1.516444
hamworld,reacher_easy,act_1.3,3,151.133333,151.433333,1.008271,0.070132,0.092963,1.399699
hamworld,reacher_easy,damp_0.5,3,151.133333,143.666667,0.960117,0.070132,0.185801,3.095562
hamworld,reacher_easy,damp_2.0,3,151.133333,141.166667,0.935642,0.070132,0.201751,3.121273
hamworld,reacher_easy,mass_0.7,3,151.133333,154.333333,1.025779,0.070132,0.074514,1.085899
hamworld,reacher_easy,mass_1.3,3,151.133333,154.933333,1.025497,0.070132,0.070024,1.028389
tdmpc2,finger_spin,delay_2,3,231.733333,52.233333,0.225508,0.032207,0.054462,1.692677
tdmpc2,finger_spin,fric_0.5,3,231.733333,227.100000,0.980954,0.032207,0.032282,1.002499
tdmpc2,finger_spin,fric_1.5,3,231.733333,227.133333,0.979698,0.032207,0.032294,1.002856
tdmpc2,finger_spin,mask_30,3,231.733333,79.866667,0.343345,0.032207,0.039236,1.219996
tdmpc2,finger_spin,mass_1.3,3,231.733333,215.533333,0.930654,0.032207,0.032896,1.021388
tdmpc2,finger_spin,mass_1.5,3,231.733333,195.900000,0.845687,0.032207,0.034047,1.057522
tdmpc2,reacher_easy,act_0.7,3,131.566667,131.566667,1.034706,0.025601,0.025790,1.007663
tdmpc2,reacher_easy,act_1.3,3,131.566667,130.600000,0.978758,0.025601,0.025437,0.992442
tdmpc2,reacher_easy,damp_0.5,3,131.566667,133.100000,0.998500,0.025601,0.024992,0.975356
tdmpc2,reacher_easy,damp_2.0,3,131.566667,125.000000,0.989276,0.025601,0.025788,1.007976
tdmpc2,reacher_easy,mass_0.7,3,131.566667,137.300000,1.070950,0.025601,0.025740,1.005087
tdmpc2,reacher_easy,mass_1.3,3,131.566667,129.233333,0.979840,0.025601,0.025451,0.993293
