scope,algo,task,rank_by_avg_retention,avg_id_return,avg_ood_return,ood_delta,avg_retention,worst_condition,worst_condition_retention,avg_mse_id,avg_mse_ood,mse_ratio,n_ood_rows
task,dreamerv3,cartpole_swingup,4,55.977241,53.142898,-2.834343,0.949776,act_0.7,0.911428,,,,18
task,dreamerv3,cheetah_run,5,203.342096,157.210126,-46.131969,0.775725,mass_0.7,0.568988,,,,18
task,dreamerv3,finger_spin,1,73.233333,55.155556,-18.077778,0.753148,delay_2,0.357761,,,,18
task,dreamerv3,reacher_easy,2,9.600000,9.300000,-0.300000,0.972553,act_0.7,0.854462,,,,18
task,hamworld,cartpole_swingup,2,51.585640,51.262135,-0.323506,0.993760,act_0.7,0.910863,,,,18
task,hamworld,cheetah_run,2,190.825389,164.170836,-26.654553,0.867377,mass_0.7,0.696680,,,,18
task,hamworld,finger_spin,2,250.266667,184.261111,-66.005556,0.737937,delay_2,0.298781,,,,18
task,hamworld,reacher_easy,4,156.966667,149.861111,-7.105556,0.954565,damp_2.0,0.888948,,,,18
task,ppo,cartpole_swingup,5,56.616629,52.121474,-4.495154,0.921890,mass_0.7,0.682879,,,,18
task,ppo,cheetah_run,4,63.898470,52.819126,-11.079344,0.844317,damp_2.0,0.512722,,,,18
task,ppo,finger_spin,5,73.733333,47.322222,-26.411111,0.641802,delay_2,0.085895,,,,18
task,ppo,reacher_easy,1,11.766667,12.944444,1.177778,1.078733,mass_1.3,1.005848,,,,18
task,sac,cartpole_swingup,3,65.944068,65.438426,-0.505642,0.992376,act_0.7,0.925010,,,,18
task,sac,cheetah_run,3,111.072418,96.174479,-14.897939,0.862976,act_0.7,0.694385,,,,18
task,sac,finger_spin,4,174.400000,118.355556,-56.044444,0.685060,mask_30,0.303867,,,,18
task,sac,reacher_easy,5,99.166667,92.377778,-6.788889,0.941348,damp_2.0,0.845573,,,,18
task,tdmpc2,cartpole_swingup,1,13.016493,14.582541,1.566048,2.088279,damp_0.5,0.965532,,,,18
task,tdmpc2,cheetah_run,1,149.331236,139.852431,-9.478805,0.942369,mass_0.7,0.709145,,,,18
task,tdmpc2,finger_spin,3,228.300000,167.327778,-60.972222,0.733616,delay_2,0.211311,,,,18
task,tdmpc2,reacher_easy,3,135.800000,131.966667,-3.833333,0.966888,damp_2.0,0.931327,,,,18
overall,dreamerv3,,5,,,,0.862801,,0.673160,,,,72
overall,hamworld,,2,,,,0.888410,,0.698818,,,,72
overall,ppo,,3,,,,0.871686,,0.571836,,,,72
overall,sac,,4,,,,0.870440,,0.692209,,,,72
overall,tdmpc2,,1,,,,1.182788,,0.704329,,,,72
