variant,task,n,mse6_mean,mse6_std
full,reacher_easy,3,0.07783584971524155,0.04324945546406252
full,finger_spin,3,0.06735966913554757,0.02136367696945032
full,cheetah_run,3,0.0831769580162373,0.010381042814330225
full,cartpole_swingup,3,0.009304365631462795,0.0031756039904461404
a1_wo_geom_struct,reacher_easy,3,0.08523052241864869,0.021954797096269178
a1_wo_geom_struct,finger_spin,3,0.03918728724979576,0.009982796513449264
a1_wo_geom_struct,cheetah_run,3,0.06908000118740905,0.009707741624414233
a1_wo_geom_struct,cartpole_swingup,3,0.012096451670522307,0.002767233884929608
a2_memory_none,reacher_easy,3,0.2874796347438612,0.0751451391737458
a2_memory_none,finger_spin,3,0.616539688542157,0.22400965221136573
a2_memory_none,cheetah_run,3,2.9366456620165615,2.4897996295085902
a2_memory_none,cartpole_swingup,3,0.10961888688298958,0.06846014313974906
a3_memory_gru,reacher_easy,3,0.1481892209570629,0.021194421142615254
a3_memory_gru,finger_spin,3,0.08253605025050693,0.017578819227134636
a3_memory_gru,cheetah_run,3,0.367356424909659,0.17968820135978167
a3_memory_gru,cartpole_swingup,3,0.02583444063564071,0.007477191875716813
