variant,task,condition,n,return_mean,return_std,retention_mean,retention_std
full,reacher_easy,id,3,151.96666666666667,8.537889408721304,100.0,0.0
full,reacher_easy,mass_0.7,3,159.66666666666666,3.9474323581566657,105.2569645772348,3.4248356178492996
full,reacher_easy,mass_1.3,3,151.5,13.922882843242867,100.2428997014672,12.398106114868856
full,reacher_easy,damp_0.5,3,137.46666666666667,4.165199741775762,90.8331128877176,6.946384024010801
full,reacher_easy,damp_2.0,3,139.9,7.70843693624071,92.326701018643,6.795857506447366
full,reacher_easy,act_0.7,3,146.36666666666667,10.993735589972237,96.46182244391771,7.132689940339557
full,reacher_easy,act_1.3,3,156.66666666666666,5.35433365498349,103.24443948480457,3.1662041168315453
full,finger_spin,id,3,249.30000000000004,10.966312051004202,100.0,0.0
full,finger_spin,fric_0.5,3,243.33333333333334,6.128802674439945,97.74768236430668,3.821570876253685
full,finger_spin,fric_1.5,3,242.5,5.886141916966213,97.42351292930026,4.020051618017386
full,finger_spin,mass_1.3,3,227.26666666666665,2.4499433100017303,91.35382226812726,4.45801892990568
full,finger_spin,mass_1.5,3,218.53333333333333,4.81825233415142,87.75755828650124,2.4272897409018728
full,finger_spin,delay_2,3,66.83333333333333,4.974825513411389,26.88473918770821,2.559175016039614
full,finger_spin,mask_30,3,93.2,0.8485281374238623,37.451330286436075,1.5417792254251546
a1_wo_geom_struct,reacher_easy,id,3,146.06666666666666,19.278715955397253,100.0,0.0
a1_wo_geom_struct,reacher_easy,mass_0.7,3,154.4,15.189470036838015,106.18176540502115,4.6866318936361715
a1_wo_geom_struct,reacher_easy,mass_1.3,3,149.9333333333333,18.12849200077662,102.86401875005004,5.108433667933604
a1_wo_geom_struct,reacher_easy,damp_0.5,3,134.93333333333334,11.741758338889838,93.11130909371325,7.659797105522596
a1_wo_geom_struct,reacher_easy,damp_2.0,3,131.93333333333334,22.87026210800586,89.85744660567832,3.5354538977856604
a1_wo_geom_struct,reacher_easy,act_0.7,3,142.43333333333334,22.173607935762025,97.22600802282206,2.181392368054256
a1_wo_geom_struct,reacher_easy,act_1.3,3,152.20000000000002,12.673068557640905,104.83478222526061,4.824865058526829
a1_wo_geom_struct,finger_spin,id,3,247.86666666666667,4.812714641678034,100.0,0.0
a1_wo_geom_struct,finger_spin,fric_0.5,3,246.1,3.115552385479444,99.30197274942434,0.8728505355951998
a1_wo_geom_struct,finger_spin,fric_1.5,3,243.36666666666667,7.4732114173820205,98.163514514673,1.1657838076739235
a1_wo_geom_struct,finger_spin,mass_1.3,3,240.83333333333334,3.512200956032494,97.17968146055044,1.325843975121774
a1_wo_geom_struct,finger_spin,mass_1.5,3,230.5666666666667,4.401009985093077,93.02706026445448,1.0557962896091873
a1_wo_geom_struct,finger_spin,delay_2,3,76.5,3.4842502780368734,30.85377203575368,0.9968747542604317
a1_wo_geom_struct,finger_spin,mask_30,3,89.63333333333333,10.743783732414245,36.09072816129712,3.674192510000753
a2_memory_none,reacher_easy,id,3,115.10000000000001,7.370210309075312,100.0,0.0
a2_memory_none,reacher_easy,mass_0.7,3,103.63333333333333,5.137011669140814,90.40854193631229,7.165659093084656
a2_memory_none,reacher_easy,mass_1.3,3,108.36666666666667,11.76614729731964,93.86818339829854,4.407305974823847
a2_memory_none,reacher_easy,damp_0.5,3,103.33333333333333,21.756276233665435,89.4551524768346,15.724507644472542
a2_memory_none,reacher_easy,damp_2.0,3,115.36666666666667,9.009007837837759,100.22559030250177,4.109696157509584
a2_memory_none,reacher_easy,act_0.7,3,119.56666666666668,15.207308184626967,103.51856396826015,7.8013683361845185
a2_memory_none,reacher_easy,act_1.3,3,107.56666666666666,10.8419965361039,93.24839385453997,4.0140950142704614
a2_memory_none,finger_spin,id,3,38.53333333333333,15.512217407220957,100.0,0.0
a2_memory_none,finger_spin,fric_0.5,3,30.2,14.974867834697795,76.40344064338974,20.167798612457638
a2_memory_none,finger_spin,fric_1.5,3,31.933333333333334,11.17566801383951,85.96623034948776,9.83473587055203
a2_memory_none,finger_spin,mass_1.3,3,32.23333333333333,17.81410177983224,74.72790658602965,23.76250878754105
a2_memory_none,finger_spin,mass_1.5,3,28.866666666666664,12.06823194267587,73.98389599901635,6.362790461056802
a2_memory_none,finger_spin,delay_2,3,17.933333333333334,9.101037791861371,43.22227669268918,10.602689988147652
a2_memory_none,finger_spin,mask_30,3,18.166666666666668,9.275894685809138,50.5437329073827,18.308985146192143
a3_memory_gru,reacher_easy,id,3,149.9333333333333,2.468917891618823,100.0,0.0
a3_memory_gru,reacher_easy,mass_0.7,3,157.63333333333333,7.734913631637315,105.24290017083968,6.815526518807944
a3_memory_gru,reacher_easy,mass_1.3,3,151.4,2.8612351645166574,101.013001716652,2.7924963242057967
a3_memory_gru,reacher_easy,damp_0.5,3,138.96666666666667,10.795163526114623,92.80684783230208,8.553744143686009
a3_memory_gru,reacher_easy,damp_2.0,3,138.4,3.021037349432589,92.33888017803064,2.7187070437194985
a3_memory_gru,reacher_easy,act_0.7,3,148.0,2.7904599381941733,98.71605270013525,1.3717410789874238
a3_memory_gru,reacher_easy,act_1.3,3,152.96666666666667,3.1678944988044604,102.06553718487108,3.2171013167449454
a3_memory_gru,finger_spin,id,3,237.16666666666666,4.328458796795406,100.0,0.0
a3_memory_gru,finger_spin,fric_0.5,3,234.6,5.329790489941107,98.91277090925563,0.923907328539241
a3_memory_gru,finger_spin,fric_1.5,3,242.76666666666665,7.602777270328394,102.33962888134631,1.5076662261998273
a3_memory_gru,finger_spin,mass_1.3,3,227.79999999999998,5.000666622228146,96.10788213164864,3.5458443351449396
a3_memory_gru,finger_spin,mass_1.5,3,209.20000000000002,5.033885179461281,88.1988526306984,0.536070087302283
a3_memory_gru,finger_spin,delay_2,3,68.5,12.116380097482365,28.916219843161077,5.22735259429341
a3_memory_gru,finger_spin,mask_30,3,101.23333333333333,10.867177902084583,42.622282757438484,3.9356562211330224
