task,algorithm,label,auc_mean,auc_std,n
reacher_easy,hamworld,HaM-World,113.88888888888887,12.200189996732133,3
finger_spin,hamworld,HaM-World,187.96491228070178,7.160090965672776,3
cheetah_run,hamworld,HaM-World,115.69149939657598,8.671913784349892,3
cartpole_swingup,hamworld,HaM-World,53.954933139475116,3.0717234315086053,3
reacher_easy,dreamerv3,DreamerV3,21.976608187134502,6.525672535320326,3
finger_spin,dreamerv3,DreamerV3,38.45906432748538,52.66551261506488,3
cheetah_run,dreamerv3,DreamerV3,131.52663915328077,9.79793090057249,3
cartpole_swingup,dreamerv3,DreamerV3,42.379809358783525,2.8688606407039035,3
reacher_easy,tdmpc2,TD-MPC2,105.38888888888887,15.531725580376472,3
finger_spin,tdmpc2,TD-MPC2,191.50584795321637,4.650867670654828,3
cheetah_run,tdmpc2,TD-MPC2,108.06564088531537,13.780600602924595,3
cartpole_swingup,tdmpc2,TD-MPC2,25.66776405475864,7.298683907362396,3
reacher_easy,ppo_low,PPO,15.292397660818715,7.4310701101600545,3
finger_spin,ppo_low,PPO,12.108187134502922,17.123562461365456,3
cheetah_run,ppo_low,PPO,46.83772737370554,3.103361951789286,3
cartpole_swingup,ppo_low,PPO,46.996110782636386,1.8710040870780515,3
reacher_easy,sac_low,SAC,52.26900584795322,5.9525255518938485,3
finger_spin,sac_low,SAC,103.05263157894736,16.96263523607245,3
cheetah_run,sac_low,SAC,72.71998737238187,9.084592753487005,3
cartpole_swingup,sac_low,SAC,55.38198427486805,1.0785284476457597,3
