algorithm,task,seed,final_step,final_eval,best_eval,auc,source,run_dir
dreamerv3,cartpole_swingup,7,100000,55.96025162015871,58.18671384898394,38.328649807459044,model_based,runs/main/model_based/runs/dreamerv3/cartpole_swingup/seed_7_20260415-144742
dreamerv3,cartpole_swingup,8,100000,56.23057289012828,61.87694613994011,44.59675731611222,model_based,runs/main/model_based/runs/dreamerv3/cartpole_swingup/seed_8_20260415-182153
dreamerv3,cartpole_swingup,9,100000,55.280696966333615,61.3778738315387,44.21402095277932,model_based,runs/main/model_based/runs/dreamerv3/cartpole_swingup/seed_9_20260415-234845
dreamerv3,cheetah_run,7,100000,214.7423177919488,217.8485344527876,134.42126971647383,model_based,runs/main/model_based/runs/dreamerv3/cheetah_run/seed_7_20260415-144741
dreamerv3,cheetah_run,8,100000,196.5086281942986,215.413818624313,141.81452776107454,model_based,runs/main/model_based/runs/dreamerv3/cheetah_run/seed_8_20260415-182010
dreamerv3,cheetah_run,9,100000,238.07016908414855,238.07016908414855,118.34411998229393,model_based,runs/main/model_based/runs/dreamerv3/cheetah_run/seed_9_20260415-234406
dreamerv3,finger_spin,7,100000,0.0,5.0,0.9298245614035089,model_based,runs/main/model_based/runs/dreamerv3/finger_spin/seed_7_20260415-144740
dreamerv3,finger_spin,8,100000,217.0,223.66666666666666,112.93859649122807,model_based,runs/main/model_based/runs/dreamerv3/finger_spin/seed_8_20260415-181336
dreamerv3,finger_spin,9,100000,0.0,6.666666666666667,1.5087719298245612,model_based,runs/main/model_based/runs/dreamerv3/finger_spin/seed_9_20260415-234243
dreamerv3,reacher_easy,7,100000,27.0,45.666666666666664,18.640350877192983,model_based,runs/main/model_based/runs/dreamerv3/reacher_easy/seed_7_20260415-144740
dreamerv3,reacher_easy,8,100000,20.333333333333332,85.33333333333333,31.096491228070178,model_based,runs/main/model_based/runs/dreamerv3/reacher_easy/seed_8_20260415-181246
dreamerv3,reacher_easy,9,100000,8.0,37.333333333333336,16.19298245614035,model_based,runs/main/model_based/runs/dreamerv3/reacher_easy/seed_9_20260415-233628
hamworld,cartpole_swingup,7,100000,64.10198262765822,65.76701380097143,51.76691673131334,model_based,runs/main/model_based/runs/hamworld/cartpole_swingup/seed_7_20260415-144740
hamworld,cartpole_swingup,8,100000,57.48778924537104,67.10567315594578,58.2989667907994,model_based,runs/main/model_based/runs/hamworld/cartpole_swingup/seed_8_20260415-154832
hamworld,cartpole_swingup,9,100000,55.24056926180504,64.12826582110449,51.79891589631261,model_based,runs/main/model_based/runs/hamworld/cartpole_swingup/seed_9_20260415-195030
hamworld,cheetah_run,7,100000,194.35111171117137,194.35111171117137,121.93238152546687,model_based,runs/main/model_based/runs/hamworld/cheetah_run/seed_7_20260415-144740
hamworld,cheetah_run,8,100000,173.86637426282448,183.78906614338698,121.71390666920605,model_based,runs/main/model_based/runs/hamworld/cheetah_run/seed_8_20260415-154721
hamworld,cheetah_run,9,100000,184.84373754208164,200.4209681628205,103.42820999505504,model_based,runs/main/model_based/runs/hamworld/cheetah_run/seed_9_20260415-194602
hamworld,finger_spin,7,100000,252.33333333333334,261.0,188.16666666666666,model_based,runs/main/model_based/runs/hamworld/finger_spin/seed_7_20260415-144740
hamworld,finger_spin,8,100000,272.0,272.0,196.63157894736847,model_based,runs/main/model_based/runs/hamworld/finger_spin/seed_8_20260415-154703
hamworld,finger_spin,9,100000,237.66666666666666,254.0,179.0964912280702,model_based,runs/main/model_based/runs/hamworld/finger_spin/seed_9_20260415-193824
hamworld,reacher_easy,7,100000,161.0,182.0,124.71929824561403,model_based,runs/main/model_based/runs/hamworld/reacher_easy/seed_7_20260415-144740
hamworld,reacher_easy,8,100000,146.66666666666666,153.66666666666666,96.84210526315788,model_based,runs/main/model_based/runs/hamworld/reacher_easy/seed_8_20260415-154604
hamworld,reacher_easy,9,100000,144.0,177.0,120.10526315789474,model_based,runs/main/model_based/runs/hamworld/reacher_easy/seed_9_20260415-193323
ppo_low,cartpole_swingup,7,100000,54.423619211922265,54.423619211922265,44.56588559520185,model_free,runs/main/model_free/runs/ppo/cartpole_swingup/seed_7_20260428-132757
ppo_low,cartpole_swingup,8,100000,55.59476570229583,57.985041084335855,47.304863296383665,model_free,runs/main/model_free/runs/ppo/cartpole_swingup/seed_8_20260428-133152
ppo_low,cartpole_swingup,9,100000,60.28759442579334,62.088137678303326,49.11758345632366,model_free,runs/main/model_free/runs/ppo/cartpole_swingup/seed_9_20260428-133944
ppo_low,cheetah_run,7,100000,75.84085731496657,75.84085731496657,42.7408315928896,model_free,runs/main/model_free/runs/ppo/cheetah_run/seed_7_20260428-132757
ppo_low,cheetah_run,8,100000,43.23392314483183,79.33377411751913,47.523139378096744,model_free,runs/main/model_free/runs/ppo/cheetah_run/seed_8_20260428-133151
ppo_low,cheetah_run,9,100000,83.32079128945976,83.32079128945976,50.24921115013028,model_free,runs/main/model_free/runs/ppo/cheetah_run/seed_9_20260428-133935
ppo_low,finger_spin,7,100000,211.0,211.0,36.32456140350877,model_free,runs/main/model_free/runs/ppo/finger_spin/seed_7_20260428-132757
ppo_low,finger_spin,8,100000,0.0,0.0,0.0,model_free,runs/main/model_free/runs/ppo/finger_spin/seed_8_20260428-132757
ppo_low,finger_spin,9,100000,0.0,0.0,0.0,model_free,runs/main/model_free/runs/ppo/finger_spin/seed_9_20260428-133628
ppo_low,reacher_easy,7,100000,37.0,37.0,8.25438596491228,model_free,runs/main/model_free/runs/ppo/reacher_easy/seed_7_20260428-132757
ppo_low,reacher_easy,8,100000,0.0,80.33333333333333,12.052631578947368,model_free,runs/main/model_free/runs/ppo/reacher_easy/seed_8_20260428-132756
ppo_low,reacher_easy,9,100000,19.666666666666668,121.66666666666667,25.570175438596493,model_free,runs/main/model_free/runs/ppo/reacher_easy/seed_9_20260428-133545
sac_low,cartpole_swingup,7,100000,64.50498177516901,64.50498177516901,56.752403647016756,model_free,runs/main/model_free/runs/sac/cartpole_swingup/seed_7_20260428-132757
sac_low,cartpole_swingup,8,100000,65.31261703902807,66.76504623149329,54.11686211531048,model_free,runs/main/model_free/runs/sac/cartpole_swingup/seed_8_20260428-133229
sac_low,cartpole_swingup,9,100000,67.4836617926368,67.4836617926368,55.27668706227693,model_free,runs/main/model_free/runs/sac/cartpole_swingup/seed_9_20260428-134119
sac_low,cheetah_run,7,100000,99.9063561023277,99.9063561023277,62.68248038563556,model_free,runs/main/model_free/runs/sac/cheetah_run/seed_7_20260428-132757
sac_low,cheetah_run,8,100000,115.69948247288306,125.63622510716671,70.79388101379782,model_free,runs/main/model_free/runs/sac/cheetah_run/seed_8_20260428-133157
sac_low,cheetah_run,9,100000,109.82696897886005,131.00898458051512,84.68360071771224,model_free,runs/main/model_free/runs/sac/cheetah_run/seed_9_20260428-134059
sac_low,finger_spin,7,100000,210.0,221.33333333333334,126.85964912280701,model_free,runs/main/model_free/runs/sac/finger_spin/seed_7_20260428-132756
sac_low,finger_spin,8,100000,160.66666666666666,160.66666666666666,93.70175438596493,model_free,runs/main/model_free/runs/sac/finger_spin/seed_8_20260428-133156
sac_low,finger_spin,9,100000,150.0,172.0,88.59649122807016,model_free,runs/main/model_free/runs/sac/finger_spin/seed_9_20260428-134029
sac_low,reacher_easy,7,100000,116.0,144.0,56.49122807017543,model_free,runs/main/model_free/runs/sac/reacher_easy/seed_7_20260428-132756
sac_low,reacher_easy,8,100000,124.33333333333333,170.33333333333334,56.46491228070176,model_free,runs/main/model_free/runs/sac/reacher_easy/seed_8_20260428-133156
sac_low,reacher_easy,9,100000,116.33333333333333,116.33333333333333,43.85087719298246,model_free,runs/main/model_free/runs/sac/reacher_easy/seed_9_20260428-134024
tdmpc2,cartpole_swingup,7,100000,5.153204805330895,68.6203078434918,33.09810546127132,model_based,runs/main/model_based/runs/tdmpc2/cartpole_swingup/seed_7_20260415-144741
tdmpc2,cartpole_swingup,8,100000,38.897629672364744,65.58828424690603,28.15732542520086,model_based,runs/main/model_based/runs/tdmpc2/cartpole_swingup/seed_8_20260415-165520
tdmpc2,cartpole_swingup,9,100000,0.8066048163248324,53.74234912482664,15.74786127780374,model_based,runs/main/model_based/runs/tdmpc2/cartpole_swingup/seed_9_20260415-215025
tdmpc2,cheetah_run,7,100000,151.3405369504133,151.3405369504133,94.01763661798122,model_based,runs/main/model_based/runs/tdmpc2/cheetah_run/seed_7_20260415-144740
tdmpc2,cheetah_run,8,100000,136.96837090826273,140.55667046252478,103.39145463168462,model_based,runs/main/model_based/runs/tdmpc2/cheetah_run/seed_8_20260415-164342
tdmpc2,cheetah_run,9,100000,178.8828136212062,200.0540731406103,126.78783140628028,model_based,runs/main/model_based/runs/tdmpc2/cheetah_run/seed_9_20260415-214900
tdmpc2,finger_spin,7,100000,220.66666666666666,241.33333333333334,198.05263157894737,model_based,runs/main/model_based/runs/tdmpc2/finger_spin/seed_7_20260415-144741
tdmpc2,finger_spin,8,100000,236.66666666666666,236.66666666666666,187.68421052631578,model_based,runs/main/model_based/runs/tdmpc2/finger_spin/seed_8_20260415-164312
tdmpc2,finger_spin,9,100000,239.33333333333334,258.6666666666667,188.78070175438594,model_based,runs/main/model_based/runs/tdmpc2/finger_spin/seed_9_20260415-214736
tdmpc2,reacher_easy,7,100000,69.66666666666667,178.0,88.93859649122807,model_based,runs/main/model_based/runs/tdmpc2/reacher_easy/seed_7_20260415-144740
tdmpc2,reacher_easy,8,100000,179.0,183.0,101.00877192982456,model_based,runs/main/model_based/runs/tdmpc2/reacher_easy/seed_8_20260415-164121
tdmpc2,reacher_easy,9,100000,66.66666666666667,188.66666666666666,126.21929824561403,model_based,runs/main/model_based/runs/tdmpc2/reacher_easy/seed_9_20260415-214409
