task,horizon,algorithm,label,mse_mean,mse_std,num_seeds
reacher_easy,3,hamworld,HaM-World,1.2806552217354377,0.6978434291482292,3
reacher_easy,3,tdmpc2,TD-MPC2,3.335694399664799,0.14696146964945375,3
reacher_easy,3,dreamerv3,DreamerV3,10.464836366295815,0.8445488463904056,3
reacher_easy,5,hamworld,HaM-World,2.355126618499557,1.287431474767095,3
reacher_easy,5,tdmpc2,TD-MPC2,3.3843809020519253,0.12233016940796795,3
reacher_easy,5,dreamerv3,DreamerV3,14.259505309144656,1.3942413935393114,3
reacher_easy,7,hamworld,HaM-World,3.680973303263386,1.9803126693055804,3
reacher_easy,7,tdmpc2,TD-MPC2,3.4208619751930236,0.11165500621202892,3
reacher_easy,7,dreamerv3,DreamerV3,18.219080455223718,1.8545713082335267,3
finger_spin,3,hamworld,HaM-World,0.7205021242549022,0.19866717560624972,3
finger_spin,3,tdmpc2,TD-MPC2,3.4810291481972673,0.09150569453968675,3
finger_spin,3,dreamerv3,DreamerV3,7.1990469580392045,2.2381623604806196,3
finger_spin,5,hamworld,HaM-World,1.4349965519209702,0.37810013400035586,3
finger_spin,5,tdmpc2,TD-MPC2,3.5809503146703356,0.07268736867726848,3
finger_spin,5,dreamerv3,DreamerV3,9.288954037725926,4.423930487740305,3
finger_spin,7,hamworld,HaM-World,2.5260867121318973,0.6088196806773892,3
finger_spin,7,tdmpc2,TD-MPC2,3.607199993499671,0.05630655963321008,3
finger_spin,7,dreamerv3,DreamerV3,11.511294878323874,6.953966450695943,3
cheetah_run,3,hamworld,HaM-World,1.2138768562922875,0.14081585551674936,3
cheetah_run,3,tdmpc2,TD-MPC2,4.278887118796508,0.5537179130613565,3
cheetah_run,3,dreamerv3,DreamerV3,13.294780428012212,0.0819904185931424,3
cheetah_run,5,hamworld,HaM-World,1.8783031368752319,0.2409254683918145,3
cheetah_run,5,tdmpc2,TD-MPC2,4.401326185613871,0.5379052592929935,3
cheetah_run,5,dreamerv3,DreamerV3,18.17354491929213,0.0271706051044813,3
cheetah_run,7,hamworld,HaM-World,2.7389265792071815,0.35938695579951174,3
cheetah_run,7,tdmpc2,TD-MPC2,4.470967545161645,0.5369201086047716,3
cheetah_run,7,dreamerv3,DreamerV3,24.628603382905325,0.21585362603947275,3
cartpole_swingup,3,hamworld,HaM-World,0.7731845018292467,0.4863258128169033,3
cartpole_swingup,3,tdmpc2,TD-MPC2,4.660737239698569,0.7197565014975259,3
cartpole_swingup,3,dreamerv3,DreamerV3,7.251296436230342,0.3204498049477732,3
cartpole_swingup,5,hamworld,HaM-World,1.3030871329431732,0.7671144222433275,3
cartpole_swingup,5,tdmpc2,TD-MPC2,4.788708005269369,0.7721775995684818,3
cartpole_swingup,5,dreamerv3,DreamerV3,8.592863309780755,0.47248803280893725,3
cartpole_swingup,7,hamworld,HaM-World,1.9655362541650732,1.138908021689666,3
cartpole_swingup,7,tdmpc2,TD-MPC2,4.873088837385177,0.8147063147959616,3
cartpole_swingup,7,dreamerv3,DreamerV3,10.342744375626246,0.6644686571495675,3
